node,degree,strength,clustering,betweenness,closeness,eigenvector
T01. Artificial Intelligence will improve society more than it will create problems.,5,1.0658510096387956,0.06689906411147331,0.11221507890122734,1.085782994266569,0.014539464170874759
T02. Generative AI tools should be allowed as learning aids in higher education.,3,1.1624254647917938,0.0,0.022209234365867914,0.924688029797194,0.03722187027798098
T03. Students should disclose the use of AI in assignments and reports.,3,1.168224569517181,0.2323185554949894,0.011689070718877849,0.8496875483698697,0.09178082090141557
T04. Every engineering student should receive formal education in AI.,4,1.3607286776768115,0.10851182352424986,0.04850964348334307,1.0037842785118576,0.0918202491756728
T05. Artificial Intelligence will significantly accelerate scientific discovery.,4,1.2250177648832712,0.14643427583112995,0.019871420222092342,0.9921222323650195,0.044478656155846195
T06. Most repetitive jobs will eventually be replaced by intelligent automation.,4,1.6465031444499458,0.24224690115677708,0.014026884862653417,0.8556706584699217,0.09171043679262399
T07. Robots should replace humans in hazardous occupations whenever possible.,4,1.2512519382167149,0.14643427583112995,0.023378141437755698,0.9903144280248042,0.04023248721907944
T08. AI-assisted diagnosis should become routine in healthcare.,4,0.9891803090359755,0.0,0.08649912331969607,1.0943772194391972,0.027728715842680805
T09. Autonomous vehicles will ultimately make transportation safer.,3,0.7823296796429309,0.0,0.03565166569257744,0.9783297467313136,0.03138088604735376
T10. Protection of personal data is more important than technological convenience.,3,1.235068230534448,0.2315305182232796,0.011689070718877849,0.8797610118125664,0.03933630659877782
T11. Technology companies should explain how recommendation algorithms work.,5,1.7313909750219418,0.0,0.0701344243132671,1.0837368480654175,0.1234621116739578
T12. Governments should introduce stricter regulations for Artificial Intelligence.,5,2.135245197093793,0.1333244058445601,0.023378141437755698,0.8676816525168624,0.07117078585181899
T13. Cybersecurity deserves greater investment than the development of new digital technologies.,3,1.1275098614670673,0.21288416792525408,0.011689070718877849,0.8351139834480752,0.05334206574101929
T14. Social media algorithms contribute to opinion polarization.,3,1.1974527304611955,0.0,0.025131502045587374,0.8936466071695546,0.0668641896113781
T15. Society will increasingly depend on AI-assisted decision making.,3,0.7796306949704269,0.0,0.03682057276446522,1.005199560335263,0.05094691813702507
E01. Project-based learning develops deeper understanding than examination-oriented learning.,3,1.1389815594311645,0.0,0.02396259497369959,0.9136178674930716,0.052703940973110784
E02. Traditional written examinations accurately measure a student's knowledge.,3,0.6286035869345129,0.08833249978277381,0.05610753945061367,1.0528616349455884,0.0037383448991006782
E03. Class attendance should be compulsory for all courses.,3,0.4644480671909573,0.08833249978277381,0.06662770309760374,1.0784739478099625,0.00337595553870842
E04. High-quality online learning can effectively complement classroom teaching.,3,0.7997175429426525,0.35391981038079745,0.027469316189362943,1.0217389038970826,0.06586105293700661
E05. Students should be encouraged to take courses outside their primary discipline.,4,1.4557674148670627,0.0,0.021624780829924018,0.907066794886464,0.09232676890492005
E06. Every undergraduate student should participate in at least one research project.,3,0.9395340678428188,0.0,0.022209234365867914,0.8824494267125409,0.04050129250509723
"E07. Publishing research before graduation should be encouraged, but not mandatory.",4,1.8393339106232638,0.12495411191370664,0.013442431326709525,0.90183795560662,0.14705005872564966
E08. Maintaining academic honesty is more important than obtaining high grades.,4,1.0702325070360033,0.0,0.09234365867913501,1.08763966719232,0.07644969426061683
E09. Collaborative learning is generally more effective than individual learning.,4,1.3341755647932534,0.15028953165477657,0.015195791934541203,0.8521769595409545,0.03766872821059916
E10. Universities should prioritize innovation and problem-solving over rote learning.,10,4.2136822743201,0.09386860063611221,0.11864406779661016,1.0887947496481942,0.217778379683076
E11. University curricula should be updated more frequently to match emerging technologies.,3,1.3863721426752438,0.2323185554949894,0.004675628287551139,0.7988705915487783,0.10259238140958522
E12. Artificial intelligence should be integrated into teaching and personalized learning.,3,1.4293889692305766,0.23615555685285547,0.0,0.8022027975324382,0.06845244849045419
E13. Universities should invest more resources in research than in expanding infrastructure.,3,0.8045648860157828,0.30057906330955314,0.0011689070718877848,0.8309829012600513,0.025263171093943056
E14. Strong collaborations between universities and industry improve student education.,6,2.6647609693694054,0.1973106835937816,0.025131502045587374,0.970845220281231,0.14845730805880503
E15. Continuous learning and skill development are essential throughout one's career.,5,2.26031813165266,0.08138499048968885,0.03915838690824079,0.9909300916139183,0.1420138509647304
S01. Every individual has a responsibility to contribute positively to society.,4,1.683827978838486,0.0,0.01694915254237288,0.8885882199933512,0.10660226297512808
S02. Universities should encourage students to participate in community service activities.,5,1.83258091736016,0.11526806445838425,0.028053769725306835,0.9079451899680184,0.12108706637107003
S03. New technologies should be evaluated for their societal impact before widespread deployment.,3,1.2752846223301002,0.20864495933932536,0.0023378141437755697,0.8295464260204142,0.08423706530426195
S04. Technology companies should be accountable for unethical use of their platforms.,5,2.0254172043497665,0.1448481999288727,0.030391583869082407,0.9942664259168086,0.17381310983672674
S05. Individuals should have greater control over how their personal data are collected and used.,3,1.188457459228317,0.23153051822327955,0.012273524254821741,0.8555166318523342,0.042158596635588255
"S06. Combating online misinformation requires shared responsibility among users, platforms, and governments.",7,3.081093116972693,0.050559972911542496,0.025715955581531266,1.018201007406011,0.23618735041570843
S07. Equal opportunities should be prioritized regardless of a person's background.,7,2.8006328706258103,0.02260059586763657,0.0619520748100526,1.0238970413034556,0.15244540593709544
S08. Diverse teams generally make better decisions than homogeneous teams.,4,1.1408682014233895,0.0714000576435239,0.037405026300409115,0.9085603243357232,0.05467930255906602
S09. Universities should promote an inclusive environment where different viewpoints can be discussed respectfully.,8,3.4544547701496873,0.025504525960676448,0.08825248392752776,1.0908603198728068,0.251355845252036
S10. Scientific evidence should play an important role in public policy decisions.,7,2.6785144204667746,0.0,0.07247223845704266,1.0203916783654676,0.11154420882862356
S11. People should be free to express differing opinions as long as they do not promote harm or discrimination.,4,1.6655366399271367,0.0,0.030391583869082407,0.9812385639349905,0.09946732111765791
S12. Young people should actively participate in addressing societal challenges.,3,1.2303306514671428,0.0,0.022209234365867914,0.9459352303558595,0.1094404170574563
S13. Critical evaluation of online information should be taught as a core educational skill.,6,2.5194961721328255,0.13650599697858143,0.028053769725306835,0.9310847940399014,0.18756600648009458
S14. Leaders should prioritize ethical decision-making even when it reduces short-term gains.,8,3.632394291227625,0.08223317054932815,0.06428988895382817,1.0760336891615683,0.26265700667530584
S15. Building public trust is essential for responsible adoption of emerging technologies.,6,2.483975911384393,0.09759901831579312,0.04208065458796025,0.9840383961852148,0.16654340550465566
V01. Climate change requires immediate global action.,4,1.7399297516738548,0.0,0.015195791934541203,0.918718973101279,0.07702334123557214
V02. Governments should prioritize investment in renewable energy over fossil fuels.,5,2.240623188605864,0.0,0.025715955581531266,0.9298128217231336,0.10394384616833618
V03. Individuals should actively reduce their personal energy consumption.,6,2.4978761829551845,0.09392916339353062,0.06779661016949153,1.0408588199617497,0.18456188608609067
V04. Public transportation and non-motorized transport should be promoted even if they require additional public investment.,3,1.2357505057856049,0.0,0.007013442431326709,0.8740393867609787,0.0677908591147264
V05. Single-use plastics should be significantly restricted.,4,1.6744624955943392,0.0,0.018118059614260665,0.9480059067751363,0.14432972246440495
"V06. Water conservation should be a priority in households, institutions, and industries.",6,2.2397138339457814,0.0,0.05260081823495032,0.9833324758751054,0.0875504901289251
V07. Protecting biodiversity is essential for long-term human well-being.,9,4.338928192608151,0.01935987962458245,0.0619520748100526,0.9642136888505105,0.25716187935686735
V08. Universities should adopt environmentally sustainable campus practices even if implementation costs increase.,3,1.6737445198811018,0.0,0.0,0.8141355888764746,0.16928076180973956
"V09. Products should be designed to encourage reuse, repair, and recycling.",6,2.7332647185384884,0.16142399608906915,0.04500292226767972,0.9981448709302357,0.19773420603493513
V10. Consumers should consider environmental impact when purchasing products.,8,3.9547925964476605,0.08024956598649571,0.04558737580362361,1.026665615386223,0.2973118645180351
V11. Technological innovation is essential for addressing environmental challenges.,5,1.7361693777287088,0.050579932698263316,0.046171829339567504,1.033244442075851,0.090245335492319
V12. Environmental sustainability should be integrated into higher education curricula.,4,1.8951689041331852,0.13077357903676176,0.017533606078316773,0.9024169130267198,0.17394838398985507
V13. Companies should be held accountable for the environmental impacts of their activities.,5,2.4672131019777135,0.1687004668946251,0.015195791934541203,0.8772550751450499,0.17366558143920902
V14. International cooperation is necessary to effectively address environmental challenges.,4,1.971149458921947,0.13882631547563162,0.009935710111046171,0.8653001728855245,0.16761364603191714
V15. Current generations have a responsibility to protect natural resources for future generations.,3,1.302638089451921,0.0,0.014026884862653417,0.860814879322026,0.07064077184951692
